3413829	Reykjavík	Reykjavik		64.13548	-21.89541	P	PPLC	IS		0	1		108807	0	61	Atlantic/Reykjavik	2019-09-05
2643743	London	London		51.50853	-0.12574	P	PPLC	GB	GB	ENG	GLA			8961989	0	25	Europe/London	2019-09-06
5128581	New York City	New York		40.71427	-74.00597	P	PPL	US	US	NY	061			8175133	0	10	America/New_York	2019-09-05
2988507	Paris	Paris		48.85341	2.3488	P	PPLC	FR	FR	11	75	751	75056	2138551	0	42	Europe/Paris	2019-09-05
1850147	Tokyo	Tokyo		35.6895	139.69171	P	PPLC	JP	JP	40			8336599	0	44	Asia/Tokyo	2019-09-05
2950159	Berlin	Berlin		52.52437	13.41053	P	PPLC	DE	DE	16	00			3426354	0	74	Europe/Berlin	2019-09-05
3169070	Rome	Rome		41.89193	12.51133	P	PPLC	IT	IT	07	RM	058091		2318895	0	21	Europe/Rome	2019-09-05
3117735	Madrid	Madrid		40.4165	-3.70256	P	PPLC	ES	ES	29	M	28079		3255944	0	665	Europe/Madrid	2019-09-05
2759794	Amsterdam	Amsterdam		52.37403	4.88969	P	PPLC	NL	NL	07	0363			741636	0	13	Europe/Amsterdam	2019-09-05
2673730	Stockholm	Stockholm		59.32938	18.06871	P	PPLC	SE	SE	26	0180			1515017	0	28	Europe/Stockholm	2019-09-05
3143244	Oslo	Oslo		59.91273	10.74609	P	PPLC	NO	NO	12	0301			580000	0	16	Europe/Oslo	2019-09-05
2618425	Copenhagen	Copenhagen		55.67594	12.56553	P	PPLC	DK	DK	17	0101			1153615	0	14	Europe/Copenhagen	2019-09-05
658225	Helsinki	Helsinki		60.16952	24.93545	P	PPLC	FI	FI	18	091	091		658864	0	26	Europe/Helsinki	2019-09-05
2761369	Vienna	Vienna		48.20849	16.37208	P	PPLC	AT	AT	09	900	90001		1691468	0	171	Europe/Vienna	2019-09-05
2657896	Zurich	Zurich		47.36667	8.55	P	PPLA	CH	CH	ZH				341730	0	408	Europe/Zurich	2019-09-05
2657895	Zürich	Zurich		47.36667	8.55	P	PPLA	CH	CH	ZH				341730	0	408	Europe/Zurich	2019-09-05
3041563	Andorra la Vella	Andorra la Vella		42.50779	1.52109	P	PPLC	AD	AD	07			20430	0	1037	Europe/Andorra	2019-09-05
292223	Dubai	Dubai		25.0657	55.17128	P	PPLA	AE	AE	03				1137376	0	16	Asia/Dubai	2019-09-05
3936456	Lima	Lima		-12.04318	-77.02824	P	PPLC	PE	PE	16	15	1501	150101	7737002	0	154	America/Lima	2019-09-05
3448439	São Paulo	Sao Paulo		-23.5475	-46.63611	P	PPLA	BR	BR	27			10021295	0	760	America/Sao_Paulo	2019-09-05
3936086	Lisbon	Lisbon		38.71667	-9.13333	P	PPLC	PT	PT	14	11			517802	0	16	Europe/Lisbon	2019-09-05
3128760	Barcelona	Barcelona		41.38879	2.15899	P	PPLA	ES	ES	56	B	08019		1620343	0	13	Europe/Madrid	2019-09-05
1816670	Beijing	Beijing		39.9075	116.39723	P	PPLC	CN	CN	22	1101	110101		18960744	0	56	Asia/Shanghai	2019-09-05
1850144	Toyama	Toyama		36.69528	137.21361	P	PPLA	JP	JP	34			327049	0	23	Asia/Tokyo	2019-09-05
1796236	Shanghai	Shanghai		31.22222	121.45806	P	PPLA	CN	CN	23				22315474	0	5	Asia/Shanghai	2019-09-05
1880252	Singapore	Singapore		1.28967	103.85007	P	PPLC	SG	SG	00				3547809	0	57	Asia/Singapore	2019-09-05
1819729	Hong Kong	Hong Kong		22.27832	114.17469	P	PPLC	HK	HK	00				7012738	0	25	Asia/Hong_Kong	2019-09-05
1273294	Delhi	Delhi		28.65195	77.23149	P	PPLA	IN	IN	07	073			10927986	0	216	Asia/Kolkata	2019-09-05
6173331	Vancouver	Vancouver		49.24966	-123.11934	P	PPL	CA	CA	02	5915		5915022	631486	0	70	America/Vancouver	2019-09-05
6167865	Toronto	Toronto		43.70011	-79.4163	P	PPLA	CA	CA	08			2731571	0	175	America/Toronto	2019-09-05
6173331	Montreal	Montreal		45.50884	-73.58781	P	PPLA2	CA	CA	10	06	66023	66023	1762949	0	56	America/Toronto	2019-09-05
5391959	San Francisco	San Francisco		37.77493	-122.41942	P	PPLA2	US	US	CA	075			864816	0	28	America/Los_Angeles	2019-09-05
5368361	Los Angeles	Los Angeles		34.05223	-118.24368	P	PPLA2	US	US	CA	037			3971883	0	89	America/Los_Angeles	2019-09-05
4887398	Chicago	Chicago		41.85003	-87.65005	P	PPLA2	US	US	IL	031			2720546	0	179	America/Chicago	2019-09-05
4684888	Houston	Houston		29.76328	-95.36327	P	PPLA2	US	US	TX	201	2235000	2235000	2296224	0	13	America/Chicago	2019-09-05
5419384	Denver	Denver		39.73915	-104.9847	P	PPLA	US	US	CO	031			716492	0	1598	America/Denver	2019-09-05
5809844	Seattle	Seattle		47.60621	-122.33207	P	PPLA	US	US	WA	033			744955	0	56	America/Los_Angeles	2019-09-05
5856195	Honolulu	Honolulu		21.30694	-157.85833	P	PPLA	US	US	HI	003			345510	0	5	Pacific/Honolulu	2019-09-05
4180439	Atlanta	Atlanta		33.749	-84.38798	P	PPLA	US	US	GA	121			498044	0	320	America/New_York	2019-09-05
4140963	Washington	Washington		38.89511	-77.03637	P	PPLC	US	US	DC	001			601723	0	8	America/New_York	2019-09-05
4930956	Boston	Boston		42.35843	-71.05977	P	PPLA	US	US	MA	025			667137	0	39	America/New_York	2019-09-05
4699066	Austin	Austin		30.26715	-97.74306	P	PPLA	US	US	TX	453			931830	0	149	America/Chicago	2019-09-05
2147714	Sydney	Sydney		-33.86785	151.20732	P	PPLA	AU	AU	02			4627345	0	58	Australia/Sydney	2019-09-05
2158177	Melbourne	Melbourne		-37.814	144.96332	P	PPLA	AU	AU	07			4246375	0	25	Australia/Melbourne	2019-09-05
2179537	Wellington	Wellington		-41.28664	174.77557	P	PPLC	NZ	NZ	G2	0047			202737	0	21	Pacific/Auckland	2019-09-05
2193733	Auckland	Auckland		-36.84853	174.76349	P	PPLA	NZ	NZ	E7	007			417910	0	24	Pacific/Auckland	2019-09-05
993800	Johannesburg	Johannesburg		-26.20227	28.04363	P	PPLA	ZA	ZA	06	798023		798023	2026469	0	1762	Africa/Johannesburg	2019-09-05
3369157	Cape Town	Cape Town		-33.92584	18.42322	P	PPLA	ZA	ZA	11			3433441	0	7	Africa/Johannesburg	2019-09-05
360630	Cairo	Cairo		30.06263	31.24967	P	PPLC	EG	EG	11			7734614	0	23	Africa/Cairo	2019-09-05
745044	Istanbul	Istanbul		41.01384	28.94966	P	PPLA	TR	TR	34			14804116	0	39	Europe/Istanbul	2019-09-05
524901	Moscow	Moscow		55.75222	37.61556	P	PPLC	RU	RU	48			10381222	0	144	Europe/Moscow	2019-09-05
